,customer_id,faturamento,recencia_dias,qtde_produtos_comprados,frequencia_compra,qtde_devolucoes,cluster
2,12583,6705.38,2,232,0.04032258064516129,50.0,3
6,14688,5630.87,7,327,0.05722070844686648,399.0,3
7,17809,5411.91,16,61,0.0335195530726257,41.0,3
8,15311,60767.9,0,2379,0.24331550802139038,474.0,3
12,16029,72882.09,38,241,0.18452380952380953,8004.0,3
15,17511,91062.38,2,963,0.08333333333333333,1535.0,3
16,13705,711.86,7,28,0.008174386920980926,0.0,3
18,13408,28117.04,1,478,0.16621983914209115,104.0,3
19,13767,17220.36,2,368,0.09946236559139784,64.0,3
20,17924,2962.5,11,31,0.01928374655647383,19.0,3
21,13448,3539.37,16,195,0.01675977653631285,22.0,3
22,15862,832.88,8,147,0.01092896174863388,0.0,3
29,17920,4192.2,4,695,0.04594594594594595,0.0,3
31,13255,399.51,9,13,0.005479452054794521,3.0,3
34,13758,3190.55,11,117,0.01928374655647383,0.0,3
35,13694,65039.62,3,568,0.1347708894878706,1504.0,3
37,14849,7930.54,21,388,0.0708215297450425,38.0,3
39,16210,21076.3,1,122,0.045576407506702415,0.0,3
41,17377,4100.92,23,418,0.05698005698005698,1.0,3
46,12748,32317.32,0,4580,0.5508021390374331,1535.0,3
52,12662,3543.78,0,220,0.029411764705882353,18.0,3
53,15525,823.42,2,177,0.008064516129032258,2.0,3
57,12433,13375.87,0,420,0.01871657754010695,0.0,3
61,18144,2888.75,7,43,0.0326975476839237,0.0,3
63,14594,379.83,7,53,0.005449591280653951,0.0,3
65,14911,140450.72,1,5673,0.5335120643431636,3332.0,3
68,17346,2676.56,3,500,0.04043126684636118,18.0,3
71,17841,40967.72,1,7838,0.3324396782841823,203.0,3
75,12921,16587.09,9,720,0.10136986301369863,72.0,3
76,13468,5704.97,1,302,0.09919571045576407,8.0,3
83,14696,2078.95,4,130,0.01891891891891892,4.0,3
84,16539,1388.81,2,45,0.010752688172043012,0.0,3
86,13777,25977.16,0,197,0.08823529411764706,90.0,3
90,18229,7276.900000000001,11,164,0.05509641873278237,0.0,3
94,14606,12021.65,1,2698,0.24396782841823056,245.0,3
98,13576,6717.34,10,126,0.04945054945054945,6.0,3
101,13090,8895.82,8,154,0.03561643835616438,69.0,3
102,15694,6464.4,0,77,0.03485254691689008,12.0,3
103,14741,1400.34,11,59,0.016574585635359115,0.0,3
109,14047,1308.6100000000001,8,32,0.0136986301369863,4.0,3
112,17017,8694.26,2,252,0.05390835579514825,60.0,3
113,14135,4690.31,1,134,0.04032258064516129,0.0,3
115,15601,6776.56,11,410,0.03867403314917127,5.0,3
116,13418,6127.43,11,304,0.049723756906077346,79.0,3
118,14388,3212.84,10,186,0.02203856749311295,8.0,3
119,14901,1421.29,11,96,0.024861878453038673,2.0,3
120,18041,4183.39,11,472,0.058011049723756904,9.0,3
126,14390,4652.82,10,286,0.024793388429752067,11.0,3
129,13305,2000.86,4,81,0.02710027100271003,0.0,3
131,14060,6140.42,4,202,0.051490514905149054,12.0,3
137,15544,3546.71,9,259,0.024725274725274724,4.0,3
138,15738,4812.42,18,173,0.04507042253521127,15.0,3
139,17381,20275.61,8,109,0.07945205479452055,3.0,3
141,14180,4748.52,10,240,0.06887052341597796,9.0,3
151,14449,907.1,18,258,0.011267605633802818,0.0,3
157,17685,3191.53,16,130,0.0196078431372549,0.0,3
158,17581,11045.04,0,440,0.06702412868632708,66.0,3
163,17567,4331.48,7,165,0.02185792349726776,204.0,3
164,15061,54534.14,3,403,0.12972972972972974,282.0,3
166,15640,12515.66,4,484,0.04065040650406504,35.0,3
170,17228,1906.09,15,208,0.0223463687150838,0.0,3
173,17412,1258.06,2,66,0.018867924528301886,0.0,3
174,14031,17286.86,7,250,0.05191256830601093,417.0,3
176,12971,11189.91,3,305,0.23243243243243245,85.0,3
177,17659,2999.46,17,158,0.033707865168539325,39.0,3
181,17757,5601.34,1,740,0.08064516129032258,4.0,3
183,13798,37153.85,1,349,0.1532258064516129,434.0,3
190,14395,3507.71,2,350,0.02425876010781671,4.0,3
191,14865,52.2,7,4,0.00546448087431694,0.0,3
192,15093,4597.02,18,108,0.016901408450704224,27.0,3
197,17961,1296.44,21,249,0.11079545454545454,0.0,3
199,17135,1139.73,16,52,0.019662921348314606,0.0,3
206,12841,4022.35,4,420,0.06793478260869565,74.0,3
207,16905,3102.43,5,208,0.01907356948228883,1.0,3
214,16891,809.7,1,203,0.013477088948787063,0.0,3
219,14156,117379.63,9,1400,0.15151515151515152,859.0,3
221,14680,28754.11,25,258,0.04610951008645533,1002.0,3
222,17884,717.45,3,117,0.01084010840108401,0.0,3
223,12557,11990.960000000001,16,33,0.014044943820224719,0.0,3
224,14083,1018.43,4,181,0.024456521739130436,0.0,3
225,13013,4810.9400000000005,1,219,0.03504043126684636,7.0,3
229,16013,37130.6,3,139,0.12737127371273713,1594.0,3
230,17949,58030.48,1,69,0.11859838274932614,2878.0,3
234,12682,11028.22,3,496,0.08401084010840108,0.0,3
235,14723,1156.6,10,277,0.016574585635359115,0.0,3
236,17954,2332.72,5,485,0.0326975476839237,5.0,3
240,15373,2415.91,8,132,0.03296703296703297,24.0,3
243,17238,3744.65,2,566,0.04594594594594595,0.0,3
246,15769,56252.72,7,130,0.07123287671232877,2012.0,3
252,12395,2682.63,19,144,0.0339943342776204,5.0,3
254,13081,28337.38,11,1024,0.030470914127423823,138.0,3
256,17243,8668.45,1,399,0.07046070460704607,8.0,3
257,15465,7354.62,19,97,0.05128205128205128,40.0,3
258,13089,58825.83,2,1818,0.26358695652173914,283.0,3
259,16033,8816.4,5,1137,0.0547945205479452,23.0,3
260,13838,691.73,5,174,0.010958904109589041,0.0,3
261,18055,6784.1900000000005,7,360,0.027548209366391185,5.0,3
263,18109,8052.97,1,444,0.07046070460704607,18.0,3
264,13069,4436.12,0,425,0.06486486486486487,419.0,3
265,16241,2607.87,9,662,0.036011080332409975,0.0,3
268,16839,16594.35,8,266,0.09392265193370165,504.0,3
269,16168,3787.6,10,98,0.075,4.0,3
270,16931,4604.22,5,898,0.057534246575342465,0.0,3
271,16814,6499.2,14,323,0.05898876404494382,1.0,3
272,15351,1960.1100000000001,12,225,0.019553072625698324,21.0,3
273,13269,5346.2300000000005,1,316,0.04065040650406504,5.0,3
275,12567,8609.28,22,438,0.028735632183908046,216.0,3
279,16353,6675.71,3,94,0.06267029972752043,0.0,3
280,18118,5651.42,10,1278,0.07222222222222222,5.0,3
281,13831,2202.99,16,74,0.01694915254237288,0.0,3
285,18156,734.94,12,140,0.00558659217877095,0.0,3
286,16983,1931.25,12,148,0.019553072625698324,13.0,3
287,17059,3095.04,29,516,0.01466275659824047,0.0,3
288,16327,3813.62,14,318,0.016853932584269662,0.0,3
291,15570,4165.52,7,323,0.03305785123966942,9.0,3
295,17858,5155.66,5,199,0.03287671232876712,0.0,3
296,16393,3046.21,2,330,0.035326086956521736,47.0,3
297,14527,8507.82,2,971,0.14945652173913043,4.0,3
300,16411,214.65,19,45,0.005698005698005698,0.0,3
302,15023,6783.86,3,560,0.02997275204359673,8.0,3
303,17402,2598.85,4,58,0.03278688524590164,0.0,3
304,15426,1447.39,19,292,0.014245014245014245,11.0,3
307,15867,3806.1,5,459,0.0410958904109589,2.0,3
309,14506,2012.17,17,316,0.014164305949008499,0.0,3
310,15555,4802.18,12,897,0.0446927374301676,28.0,3
313,15953,1659.3799999999999,15,98,0.022535211267605635,7.0,3
314,16143,2424.94,3,117,0.01634877384196185,2.0,3
315,12720,5115.7300000000005,2,342,0.06793478260869565,17.0,3
316,16422,34684.4,17,369,0.14447592067988668,120.0,3
317,12747,4196.01,2,103,0.029891304347826088,0.0,3
318,15502,6923.98,15,209,0.028169014084507043,407.0,3
324,13579,467.04,14,23,0.0056179775280898875,0.0,3
325,13174,2813.03,16,313,0.00847457627118644,0.0,3
326,15987,1451.28,12,140,0.0196078431372549,0.0,3
327,17677,16363.23,1,304,0.08152173913043478,50.0,3
330,17428,17256.85,0,328,0.07588075880758807,39.0,3
333,16161,5575.56,1,474,0.051630434782608696,58.0,3
334,18219,2069.77,2,114,0.027247956403269755,2.0,3
336,14293,1046.56,3,61,0.01092896174863388,0.0,3
346,15898,1388.88,1,86,0.01358695652173913,2.0,3
349,17227,939.32,18,47,0.017094017094017096,0.0,3
350,15039,19914.44,9,1502,0.13055555555555556,18.0,3
351,15919,639.89,19,143,0.005714285714285714,0.0,3
354,14189,4654.08,2,265,0.04087193460490463,18.0,3
357,16719,1790.42,14,201,0.01971830985915493,2.0,3
360,14708,1126.37,2,28,0.008174386920980926,6.0,3
362,14825,2226.91,3,121,0.03278688524590164,0.0,3
365,15078,9743.11,7,440,0.08839779005524862,36.0,3
366,14085,4448.54,2,450,0.04904632152588556,1.0,3
369,15028,627.13,8,48,0.0110803324099723,0.0,3
372,17019,1272.61,11,234,0.0111731843575419,0.0,3
373,16722,4730.81,17,225,0.036931818181818184,12.0,3
375,14667,9236.95,10,572,0.06963788300835655,3.0,3
376,16710,2483.04,19,402,0.02857142857142857,0.0,3
377,15984,2837.67,2,270,0.027247956403269755,10.0,3
379,17682,2474.33,10,118,0.016713091922005572,2.0,3
382,17068,4545.89,12,295,0.058823529411764705,10.0,3
383,15356,2766.5,31,519,0.029585798816568046,0.0,3
385,16817,1604.75,2,86,0.02452316076294278,60.0,3
386,13030,799.48,11,99,0.00558659217877095,0.0,3
388,15194,7616.53,3,310,0.040983606557377046,55.0,3
392,13495,2044.8700000000001,7,48,0.013812154696132596,15.0,3
393,17519,1844.02,17,82,0.017045454545454544,3.0,3
394,17218,1960.72,4,274,0.0273972602739726,0.0,3
395,17812,732.16,12,141,0.011204481792717087,0.0,3
396,14215,1789.72,11,108,0.01675977653631285,4.0,3
397,15602,1297.8700000000001,8,46,0.024930747922437674,138.0,3
399,12913,2483.63,4,50,0.0136986301369863,0.0,3
405,17450,194550.79,8,337,0.12777777777777777,952.0,3
406,17091,3827.76,2,195,0.02459016393442623,3.0,3
410,12681,12365.54,14,616,0.062146892655367235,15.0,3
411,14907,3501.1,3,165,0.019178082191780823,5.0,3
412,17735,13110.02,2,690,0.05191256830601093,0.0,3
416,15838,33643.08,11,167,0.05322128851540616,0.0,3
417,14733,9585.91,16,202,0.03409090909090909,39.0,3
418,13756,5189.52,2,142,0.03825136612021858,24.0,3
422,17491,3558.87,1,109,0.027247956403269755,1.0,3
423,14282,3729.34,3,156,0.0410958904109589,0.0,3
424,13569,372.25,17,84,0.005698005698005698,0.0,3
425,14673,1736.4,3,74,0.0136986301369863,0.0,3
426,13488,8968.31,17,422,0.037037037037037035,6.0,3
429,15965,845.64,17,122,0.011396011396011397,0.0,3
430,15024,1661.33,9,155,0.027855153203342618,0.0,3
431,17675,20374.28,1,705,0.08446866485013624,82.0,3
432,13769,2796.51,2,135,0.0273224043715847,11.0,3
433,16904,3750.4700000000003,4,709,0.04395604395604396,0.0,3
438,13173,353.65,4,43,0.005494505494505495,0.0,3
439,15858,1438.85,15,191,0.014164305949008499,0.0,3
441,12347,4310.0,2,182,0.01912568306010929,0.0,3
442,14739,3902.28,4,60,0.019230769230769232,3.0,3
444,17419,4226.57,11,206,0.03361344537815126,4.0,3
446,16775,1695.66,10,158,0.030726256983240222,0.0,3
457,12839,5591.42,2,314,0.03825136612021858,2.0,3
462,18102,259657.3,0,431,0.16304347826086957,0.0,3
463,16365,1540.42,17,51,0.02564102564102564,0.0,3
465,17870,1894.35,2,279,0.03287671232876712,1.0,3
468,13078,12627.94,3,358,0.07142857142857142,73.0,3
469,13267,4521.49,2,211,0.052054794520547946,30.0,3
470,13050,5833.11,14,402,0.04815864022662889,41.0,3
471,12709,9430.52,15,203,0.04261363636363636,103.0,3
472,15628,2870.2400000000002,4,155,0.024793388429752067,12.0,3
475,16779,10629.720000000001,2,333,0.06027397260273973,89.0,3
477,13599,5153.67,1,247,0.05737704918032787,124.0,3
479,18077,2633.0099999999998,8,227,0.03064066852367688,0.0,3
480,14744,1099.98,16,26,0.019943019943019943,2.0,3
482,15750,2465.48,2,293,0.021917808219178082,7.0,3
485,14796,8020.93,1,1140,0.04644808743169399,83.0,3
487,13199,9802.12,3,118,0.10164835164835165,4.0,3
488,14032,2975.59,2,143,0.030136986301369864,24.0,3
489,17706,10504.49,4,382,0.046831955922865015,66.0,3
491,16525,13027.45,2,183,0.07123287671232877,904.0,3
492,17975,4485.51,15,295,0.036931818181818184,16.0,3
494,13126,2099.64,4,140,0.02203856749311295,13.0,3
496,16558,8338.49,0,460,0.05449591280653951,31.0,3
498,15021,1914.82,8,472,0.025069637883008356,18.0,3
499,15529,3992.68,22,671,0.03188405797101449,7.0,3
500,15498,13316.4,2,512,0.07397260273972603,15.0,3
502,16016,1508.76,3,235,0.02197802197802198,2.0,3
504,17324,990.23,17,50,0.011428571428571429,0.0,3
506,14051,15610.390000000001,0,210,0.06267029972752043,15.0,3
510,16713,6923.13,18,624,0.04297994269340974,12.0,3
513,15916,1528.09,16,155,0.022792022792022793,5.0,3
516,13113,12245.960000000001,0,200,0.0653950953678474,449.0,3
517,14217,2004.98,1,100,0.04644808743169399,12.0,3
520,17676,1387.68,4,78,0.01652892561983471,0.0,3
523,12766,6457.63,3,306,0.019230769230769232,0.0,3
524,15298,4799.9,2,192,0.03287671232876712,364.0,3
527,15005,6314.87,15,1118,0.07954545454545454,43.0,3
529,15680,1333.68,9,78,0.008379888268156424,0.0,3
533,14866,14353.4,10,98,0.03081232492997199,183.0,3
534,13077,729.27,1,112,0.01092896174863388,0.0,3
542,14766,2473.37,8,135,0.016713091922005572,26.0,3
547,14030,2360.09,18,243,0.022922636103151862,0.0,3
548,16596,250.15,15,12,0.005681818181818182,0.0,3
549,16700,5076.55,8,308,0.036211699164345405,5.0,3
550,16011,3362.71,8,212,0.04456824512534819,0.0,3
551,17655,2638.94,10,91,0.0196078431372549,160.0,3
553,14243,2588.77,8,141,0.027932960893854747,17.0,3
554,12963,1856.63,8,95,0.0223463687150838,0.0,3
559,18092,9068.26,2,89,0.03021978021978022,2.0,3
560,15358,8347.2,4,551,0.06077348066298342,123.0,3
561,13319,10845.550000000001,5,476,0.07202216066481995,38.0,3
563,12621,12411.67,1,449,0.0547945205479452,36.0,3
564,14299,3965.62,8,143,0.025139664804469275,136.0,3
566,12683,7612.57,4,331,0.03867403314917127,84.0,3
568,13854,8109.5199999999995,8,110,0.06983240223463687,18.0,3
570,16782,2279.9,10,190,0.03651685393258427,9.0,3
572,12494,1084.1000000000001,15,71,0.019943019943019943,16.0,3
573,17857,25301.54,4,48,0.06077348066298342,170.0,3
575,12429,3388.4,9,94,0.011204481792717087,0.0,3
576,14987,326.4,15,4,0.005698005698005698,0.0,3
578,17526,1195.8999999999999,4,19,0.011049723756906077,53.0,3
580,14440,2357.6800000000003,8,55,0.013966480446927373,0.0,3
588,15856,16386.31,4,644,0.07458563535911603,64.0,3
589,13102,6424.09,1,304,0.06575342465753424,44.0,3
591,15271,2507.07,7,274,0.04178272980501393,5.0,3
599,16255,2619.91,16,270,0.022857142857142857,7.0,3
600,17671,1572.71,15,53,0.011396011396011397,113.0,3
604,17097,954.42,2,211,0.02197802197802198,2.0,3
607,15380,1690.2600000000002,8,36,0.013966480446927373,2.0,3
609,12826,1474.72,2,91,0.019230769230769232,4.0,3
613,18225,5509.12,3,271,0.03305785123966942,38.0,3
623,17576,3622.68,8,411,0.05307262569832402,40.0,3
624,14713,2666.36,9,339,0.03081232492997199,2.0,3
625,14702,3292.14,1,347,0.04657534246575343,10.0,3
626,13230,2806.97,4,611,0.03867403314917127,121.0,3
627,13969,9053.94,7,626,0.05013927576601671,59.0,3
628,17530,2380.41,1,392,0.0273972602739726,0.0,3
630,12471,17424.05,2,439,0.0743801652892562,246.0,3
634,17827,1995.46,5,220,0.013888888888888888,0.0,3
635,16265,5447.0,9,258,0.025280898876404494,19.0,3
641,12731,18751.91,23,273,0.03508771929824561,70.0,3
642,14419,1058.06,10,206,0.016901408450704224,0.0,3
650,16062,1153.62,9,64,0.011235955056179775,0.0,3
654,18065,2392.83,5,137,0.03888888888888889,3.0,3
657,12989,6924.110000000001,3,64,0.04143646408839779,28.0,3
662,15514,4139.46,12,178,0.031161473087818695,369.0,3
665,17220,3198.25,24,472,0.04105571847507331,0.0,3
669,16873,7123.62,4,279,0.01662049861495845,15.0,3
670,14062,10464.85,9,111,0.033707865168539325,0.0,3
673,14448,375.35,9,20,0.0056179775280898875,0.0,3
676,16923,7247.61,12,672,0.05413105413105413,234.0,3
677,14159,4690.64,19,1203,0.03197674418604651,13.0,3
678,14577,859.71,12,123,0.011396011396011397,0.0,3
680,12753,21429.39,22,197,0.017595307917888565,171.0,3
681,17236,916.13,12,105,0.017094017094017096,0.0,3
689,13668,6363.59,2,470,0.05817174515235457,105.0,3
690,14684,1236.28,25,421,0.014792899408284023,0.0,3
691,17188,2474.23,11,84,0.019886363636363636,27.0,3
692,15547,4954.84,7,702,0.03932584269662921,0.0,3
693,15998,3089.97,36,506,0.01529051987767584,4.0,3
699,15044,7700.2300000000005,19,453,0.04941860465116279,9.0,3
700,17937,4301.22,8,43,0.01971830985915493,0.0,3
701,14608,1785.15,4,20,0.011142061281337047,0.0,3
702,17618,971.58,5,78,0.008379888268156424,0.0,3
703,14505,5905.64,17,799,0.023121387283236993,16.0,3
706,13198,3401.2400000000002,10,226,0.017045454545454544,3.0,3
708,12540,11580.24,19,461,0.04956268221574344,8.0,3
709,13225,6463.84,3,32,0.019498607242339833,64.0,3
712,14290,2314.65,11,101,0.014245014245014245,2.0,3
715,13999,3901.81,10,208,0.03409090909090909,12.0,3
717,15854,2974.65,4,140,0.0335195530726257,0.0,3
718,16701,5398.3,8,144,0.03672316384180791,182.0,3
722,17338,6635.14,17,751,0.02318840579710145,4.0,3
724,17799,3055.93,22,408,0.029411764705882353,3.0,3
729,17611,3984.22,7,576,0.04225352112676056,8.0,3
730,17231,3174.32,12,541,0.02857142857142857,6.0,3
733,12476,5898.42,15,224,0.03170028818443804,71.0,3
734,17293,1875.1100000000001,8,135,0.025423728813559324,0.0,3
738,17371,423.89,17,87,0.008695652173913044,0.0,3
741,15159,18641.010000000002,1,710,0.08310249307479224,47.0,3
743,13211,1197.42,10,56,0.008522727272727272,0.0,3
746,14525,4332.2,19,291,0.026239067055393587,22.0,3
750,16442,616.79,1,174,0.008333333333333333,0.0,3
755,14961,7044.68,10,312,0.02564102564102564,16.0,3
757,16458,3482.7400000000002,2,202,0.05013927576601671,0.0,3
761,14871,522.38,3,98,0.0111731843575419,0.0,3
763,18044,2088.6,4,127,0.028011204481792718,1.0,3
765,16191,5180.52,2,134,0.036211699164345405,147.0,3
767,14298,51527.3,8,1637,0.12464589235127478,322.0,3
769,16899,1281.56,7,125,0.01694915254237288,0.0,3
771,17404,31781.82,4,195,0.036414565826330535,424.0,3
772,14415,5900.28,1,590,0.03611111111111111,38.0,3
777,17739,2791.35,11,47,0.02,5.0,3
778,13238,700.73,17,31,0.011627906976744186,2.0,3
783,15392,1535.53,4,84,0.011204481792717087,12.0,3
790,12867,4036.82,26,538,0.020895522388059702,23.0,3
791,14401,4051.48,4,182,0.03651685393258427,2.0,3
792,16145,3799.4900000000002,8,224,0.03125,51.0,3
793,17629,1814.12,5,123,0.022535211267605635,8.0,3
795,13496,653.33,10,35,0.005714285714285714,12.0,3
797,16954,2085.08,0,54,0.025,0.0,3
799,17449,2517.86,2,276,0.019553072625698324,7.0,3
806,13458,9646.57,7,382,0.039660056657223795,48.0,3
809,13426,3641.32,0,157,0.027777777777777776,20.0,3
810,15101,317.53,8,8,0.005681818181818182,2.0,3
816,15822,885.47,3,33,0.0056022408963585435,0.0,3
827,15727,5178.96,16,302,0.020348837209302327,0.0,3
830,15290,7943.22,4,204,0.05056179775280899,70.0,3
832,15615,10399.74,10,423,0.06571428571428571,15.0,3
838,16607,3347.71,17,172,0.04093567251461988,37.0,3
841,13890,1883.8100000000002,1,110,0.027932960893854747,5.0,3
842,17001,3989.57,0,169,0.03064066852367688,0.0,3
844,15482,11014.96,15,97,0.03197674418604651,2022.0,3
845,13021,2616.38,4,131,0.02535211267605634,16.0,3
848,16670,4095.9,16,252,0.03206997084548105,32.0,3
849,16985,5464.12,17,120,0.029239766081871343,2.0,3
850,16705,14034.99,0,270,0.055710306406685235,18.0,3
854,16746,6697.66,4,449,0.05070422535211268,3.0,3
856,14878,1485.54,12,124,0.025936599423631124,0.0,3
859,12877,1535.77,3,154,0.033707865168539325,0.0,3
860,15394,2183.54,9,85,0.011428571428571429,0.0,3
862,14621,1788.3600000000001,1,92,0.013966480446927373,6.0,3
865,14309,2352.53,8,117,0.02564102564102564,14.0,3
868,17288,1419.73,9,142,0.02,0.0,3
869,14709,4921.04,15,196,0.0377906976744186,2.0,3
870,15157,1936.07,3,125,0.008426966292134831,149.0,3
871,17744,2322.4,3,136,0.016853932584269662,0.0,3
877,13534,5870.08,2,296,0.0700280112044818,85.0,3
882,14092,4076.91,7,214,0.03977272727272727,5.0,3
884,14735,6050.69,3,193,0.08707865168539326,104.0,3
885,16271,1429.24,2,133,0.014005602240896359,1.0,3
886,18223,6484.54,4,272,0.03943661971830986,57.0,3
890,16684,66653.56,4,277,0.07887323943661972,864.0,3
891,14334,2552.21,16,162,0.023323615160349854,1.0,3
894,15197,1079.6100000000001,10,32,0.008595988538681949,16.0,3
903,13004,5655.91,11,404,0.05187319884726225,26.0,3
904,14560,2237.77,7,74,0.06267806267806268,37.0,3
905,12931,42055.96,21,82,0.04451038575667656,4427.0,3
909,12782,1938.92,4,98,0.014124293785310734,16.0,3
910,14769,10673.1,2,1089,0.02247191011235955,30.0,3
912,12417,3226.1,3,183,0.02535211267605634,13.0,3
913,17315,6252.18,1,470,0.10084033613445378,32.0,3
914,16711,1651.03,3,22,0.014084507042253521,0.0,3
929,14146,4191.0,8,210,0.014285714285714285,551.0,3
930,12705,6382.29,15,328,0.023323615160349854,24.0,3
934,16885,471.51,15,101,0.008746355685131196,0.0,3
938,12668,3177.15,11,157,0.011594202898550725,39.0,3
942,18245,2567.06,7,175,0.02005730659025788,7.0,3
951,14646,279138.02,1,2060,0.2033898305084746,288.0,3
957,14099,3104.17,16,250,0.032448377581120944,2.0,3
959,13104,1098.48,3,20,0.017045454545454544,0.0,3
960,14113,1840.42,3,34,0.011363636363636364,110.0,3
965,17090,2043.95,4,63,0.019943019943019943,1.0,3
966,15527,2429.78,18,163,0.02373887240356083,3.0,3
967,18097,2697.8,7,108,0.017241379310344827,1.0,3
976,15034,4308.61,15,394,0.02359882005899705,11.0,3
978,12423,1634.31,0,117,0.022598870056497175,12.0,3
984,15208,870.12,1,42,0.014164305949008499,2.0,3
987,17306,8631.31,10,66,0.055232558139534885,21.0,3
988,14737,1164.55,3,17,0.008547008547008548,0.0,3
1016,17593,3927.34,3,213,0.014285714285714285,6.0,3
1017,13953,3515.68,7,20,0.02023121387283237,0.0,3
1044,12957,4017.54,9,238,0.02416918429003021,18.0,3
1048,13680,3722.42,1,195,0.011799410029498525,669.0,3
1049,12483,1910.98,17,68,0.02476780185758514,10.0,3
1052,14732,2702.4900000000002,8,147,0.024096385542168676,3.0,3
1054,14553,859.27,19,113,0.01557632398753894,0.0,3
1062,16600,813.52,4,62,0.01791044776119403,0.0,3
1064,16532,6748.8,17,4,0.009316770186335404,0.0,3
1066,14653,1937.6,1,236,0.020710059171597635,0.0,3
1072,15046,5194.82,9,205,0.045454545454545456,144.0,3
1078,12415,124564.53,24,713,0.06369426751592357,427.0,3
1080,14618,553.44,9,16,0.00911854103343465,3.0,3
1081,14258,12669.98,9,111,0.02735562310030395,2.0,3
1082,15719,5043.96,32,936,0.042483660130718956,1.0,3
1086,18283,2088.93,3,754,0.04776119402985075,0.0,3
1096,15845,3711.77,17,138,0.024922118380062305,8.0,3
1112,18198,5425.56,4,159,0.05105105105105105,235.0,3
1115,18179,1793.17,9,90,0.018292682926829267,0.0,3
1128,13183,3957.78,7,94,0.027439024390243903,0.0,3
1131,15611,1570.45,9,41,0.03374233128834356,6.0,3
1132,17114,808.62,5,127,0.024242424242424242,9.0,3
1134,16326,3110.96,5,319,0.04242424242424243,20.0,3
1137,17555,483.26,19,106,0.006329113924050633,0.0,3
1140,16833,1106.53,1,47,0.011976047904191617,0.0,3
1142,16748,1515.9,17,69,0.015723270440251572,0.0,3
1143,14755,5010.28,9,235,0.03374233128834356,2.0,3
1144,16549,4154.64,10,981,0.03076923076923077,0.0,3
1145,13565,240.22,19,38,0.006329113924050633,0.0,3
1148,13451,2976.15,26,443,0.016181229773462782,6.0,3
1149,14794,1319.91,2,80,0.021021021021021023,4.0,3
1156,12524,3945.72,9,136,0.024615384615384615,0.0,3
1157,17811,7831.03,4,850,0.11818181818181818,49.0,3
1159,14321,1530.75,10,123,0.015432098765432098,0.0,3
1182,17365,4796.52,12,467,0.024922118380062305,0.0,3
1183,15189,16225.39,1,212,0.12349397590361445,114.0,3
1188,14209,2073.43,10,87,0.018575851393188854,3.0,3
1196,13784,2462.79,9,31,0.033950617283950615,0.0,3
1199,12724,923.41,5,49,0.012195121951219513,0.0,3
1201,13862,2209.36,18,139,0.025396825396825397,6.0,3
1206,12523,1699.77,19,102,0.03514376996805112,4.0,3
1207,16655,3794.52,17,261,0.01904761904761905,0.0,3
1208,16359,1750.92,7,66,0.027692307692307693,29.0,3
1212,14587,1601.14,18,383,0.028662420382165606,2.0,3
1215,12437,4447.41,1,184,0.054380664652567974,5.0,3
1223,17389,31833.68,0,213,0.10240963855421686,170.0,3
1225,17364,4481.18,0,411,0.03313253012048193,21.0,3
1228,16500,400.86,4,11,0.01834862385321101,0.0,3
1229,12951,1064.07,8,63,0.018575851393188854,3.0,3
1240,13246,1987.3,18,141,0.019169329073482427,50.0,3
1242,15687,2993.1,8,166,0.02786377708978328,2.0,3
1246,12490,4859.93,5,235,0.03076923076923077,0.0,3
1249,12474,6745.79,17,408,0.05750798722044728,83.0,3
1258,12553,3278.28,8,182,0.031055900621118012,41.0,3
1262,15033,2583.37,4,509,0.03067484662576687,3.0,3
1263,14329,5014.84,17,259,0.022364217252396165,20.0,3
1266,16401,4098.32,1,186,0.03669724770642202,23.0,3
1268,13782,912.0,12,115,0.0189873417721519,0.0,3
1273,13064,1119.49,12,69,0.012658227848101266,0.0,3
1274,13048,1835.91,14,136,0.012738853503184714,8.0,3
1276,18069,2036.67,26,470,0.016556291390728478,3.0,3
1283,12388,2780.66,15,100,0.019230769230769232,0.0,3
1287,12673,574.52,5,41,0.006211180124223602,0.0,3
1289,17988,201.12,11,38,0.022151898734177215,1.0,3
1290,12820,942.34,3,59,0.012345679012345678,0.0,3
1291,13001,9818.82,4,339,0.04024767801857585,8.0,3
1294,17730,5298.4800000000005,3,218,0.040123456790123455,9.0,3
1296,14657,848.22,17,126,0.012903225806451613,1.0,3
1323,13263,7443.85,1,1673,0.1076923076923077,0.0,3
1324,14428,1244.83,7,144,0.01567398119122257,8.0,3
1327,12451,8995.52,10,353,0.015873015873015872,120.0,3
1337,17602,5102.97,2,560,0.018575851393188854,16.0,3
1338,14572,2832.84,3,270,0.021739130434782608,3.0,3
1339,13502,292.0,16,18,0.00974025974025974,0.0,3
1362,12664,4391.88,8,28,0.02857142857142857,0.0,3
1365,14088,50491.81,10,589,0.04153354632587859,72.0,3
1368,12970,452.24,7,151,0.012658227848101266,0.0,3
1377,17769,3997.98,12,310,0.032362459546925564,5.0,3
1382,15443,3236.91,1,382,0.021875,3.0,3
1384,13742,3131.02,16,321,0.03934426229508197,8.0,3
1385,17673,1629.12,1,227,0.01875,2.0,3
1386,12727,3440.7,10,132,0.022508038585209004,12.0,3
1388,13068,344.0,10,2,0.0064516129032258064,0.0,3
1393,15497,1262.2,17,15,0.006600660066006601,2.0,3
1400,17861,2100.8,3,222,0.025236593059936908,20.0,3
1402,18161,1618.69,15,80,0.01639344262295082,2.0,3
1405,16660,1267.6499999999999,16,16,0.013157894736842105,120.0,3
1410,15179,2206.95,18,93,0.016556291390728478,31.0,3
1412,12935,2160.7,2,129,0.0220125786163522,1.0,3
1417,12421,639.04,15,41,0.013114754098360656,0.0,3
1428,15218,5756.89,10,166,0.03559870550161812,0.0,3
1434,14534,4445.4,2,518,0.056782334384858045,122.0,3
1451,16133,14589.04,3,338,0.10443037974683544,150.0,3
1459,14049,5681.72,16,488,0.013245033112582781,24.0,3
1465,17075,834.12,17,77,0.013289036544850499,3.0,3
1467,13098,28882.44,1,572,0.08832807570977919,57.0,3
1482,16496,1599.52,8,95,0.009708737864077669,20.0,3
1486,15910,1232.18,0,267,0.025236593059936908,0.0,3
1487,16949,1286.27,3,60,0.01910828025477707,1.0,3
1489,14701,2549.37,10,335,0.029315960912052116,23.0,3
1511,16523,9418.470000000001,1,290,0.06666666666666667,32.0,3
1512,14659,2529.93,8,253,0.02922077922077922,12.0,3
1518,13709,6328.05,3,336,0.04153354632587859,15.0,3
1519,17329,523.11,14,33,0.006622516556291391,0.0,3
1521,14805,554.65,15,47,0.013377926421404682,0.0,3
1524,14595,1740.6,19,102,0.020338983050847456,0.0,3
1528,17463,1896.41,16,215,0.016778523489932886,5.0,3
1529,14502,2467.63,19,623,0.03728813559322034,15.0,3
1530,12528,1645.48,9,86,0.019736842105263157,6.0,3
1540,18145,2861.55,12,221,0.013289036544850499,0.0,3
1542,14467,598.76,17,90,0.013513513513513514,0.0,3
1544,15144,6580.44,8,217,0.05573770491803279,24.0,3
1547,16407,2126.93,12,172,0.03322259136212625,0.0,3
1549,12778,693.23,19,44,0.02040816326530612,0.0,3
1557,13881,17159.52,3,178,0.06472491909385113,56.0,3
1558,16570,3738.4,15,126,0.03367003367003367,62.0,3
1579,12775,1281.04,17,61,0.01694915254237288,24.0,3
1589,15971,4194.9,17,34,0.04067796610169491,0.0,3
1598,16156,3122.04,8,130,0.0297029702970297,37.0,3
1609,15270,2379.49,15,41,0.02364864864864865,62.0,3
1625,13394,2520.02,1,155,0.025889967637540454,176.0,3
1627,16333,26626.8,7,45,0.07260726072607261,0.0,3
1633,12464,957.05,10,22,0.02666666666666667,0.0,3
1635,14540,996.26,9,76,0.009966777408637873,0.0,3
1644,16938,2736.38,8,241,0.013289036544850499,1515.0,3
1648,17929,843.0,11,5,0.013422818791946308,1.0,3
1652,13137,3650.41,10,704,0.026755852842809364,0.0,3
1654,13309,1456.79,7,107,0.016556291390728478,0.0,3
1664,14194,11349.52,4,579,0.06885245901639345,57.0,3
1674,17302,1135.63,14,79,0.017123287671232876,2.0,3
1702,14562,5074.77,3,423,0.059602649006622516,161.0,3
1713,13590,1981.92,11,87,0.020477815699658702,2.0,3
1717,12462,937.59,18,60,0.006993006993006993,22.0,3
1723,17686,5739.46,7,286,0.02364864864864865,0.0,3
1731,18230,2810.2000000000003,9,86,0.023809523809523808,18.0,3
1734,15796,2710.56,1,132,0.026490066225165563,1.0,3
1740,17705,1823.52,3,103,0.030100334448160536,6.0,3
1745,12477,13219.74,22,300,0.02142857142857143,33.0,3
1746,15550,575.63,4,61,0.013422818791946308,0.0,3
1779,16979,1852.0,3,89,0.020338983050847456,5.0,3
1784,17348,1159.52,14,215,0.017605633802816902,0.0,3
1794,14477,1309.6,19,10,0.014336917562724014,1.0,3
1800,14897,1366.38,7,55,0.013793103448275862,0.0,3
1818,17422,1979.37,16,117,0.021352313167259787,58.0,3
1824,12362,4737.23,3,256,0.034129692832764506,17.0,3
1830,13018,7277.7,16,458,0.1,1.0,3
1833,15382,5955.71,14,302,0.02127659574468085,9.0,3
1836,12654,529.98,10,34,0.017482517482517484,0.0,3
1838,15903,5126.76,9,74,0.024390243902439025,1.0,3
1852,13012,1661.8400000000001,9,89,0.027972027972027972,152.0,3
1855,12714,4294.86,9,254,0.017482517482517484,0.0,3
1857,15755,2364.25,10,141,0.021052631578947368,30.0,3
1866,16566,614.66,15,18,0.017985611510791366,1.0,3
1869,16115,1667.97,9,284,0.028169014084507043,0.0,3
1875,17323,917.67,15,199,0.025179856115107913,6.0,3
1896,14520,270.6,1,4,0.006896551724137931,0.0,3
1905,14895,11138.710000000001,7,498,0.07042253521126761,28.0,3
1909,18188,2001.04,15,71,0.010869565217391304,1.0,3
1917,13184,1700.29,14,180,0.036101083032490974,30.0,3
1924,18172,7561.68,14,189,0.07246376811594203,14.0,3
1933,17711,385.1,10,23,0.007142857142857143,0.0,3
1937,14289,911.26,8,47,0.02127659574468085,0.0,3
1940,13149,1676.06,14,86,0.014492753623188406,0.0,3
1942,15932,2495.87,4,115,0.027972027972027972,14.0,3
1949,17139,10668.47,15,478,0.043795620437956206,19.0,3
1952,17830,398.7,1,23,0.010416666666666666,0.0,3
1958,13118,1197.81,19,79,0.018518518518518517,21.0,3
1974,13870,2770.94,2,115,0.027972027972027972,5.0,3
1976,17034,745.52,16,30,0.011029411764705883,4.0,3
1977,16592,4113.68,4,216,0.056338028169014086,13.0,3
1978,15712,1072.3600000000001,9,53,0.017921146953405017,0.0,3
1979,13362,3090.7400000000002,9,166,0.014336917562724014,3.0,3
1980,14470,461.19,11,43,0.007220216606498195,0.0,3
1999,15951,708.22,8,41,0.007194244604316547,7.0,3
2000,13971,2758.26,18,149,0.029850746268656716,26.0,3
2001,17516,768.08,15,137,0.01845018450184502,0.0,3
2002,13630,2031.78,5,71,0.02491103202846975,14.0,3
2003,14157,432.88,19,48,0.00749063670411985,11.0,3
2005,13610,1131.88,12,226,0.025547445255474453,2.0,3
2010,16057,2263.12,16,121,0.026022304832713755,30.0,3
2011,16992,1614.31,10,93,0.01818181818181818,3.0,3
2014,12598,2807.08,9,127,0.025362318840579712,24.0,3
2017,16668,306.71999999999997,15,20,0.022222222222222223,0.0,3
2019,13509,964.72,8,43,0.021660649819494584,0.0,3
2027,14056,8214.65,1,1106,0.08098591549295775,39.0,3
2041,16915,621.6800000000001,9,57,0.02181818181818182,0.0,3
2043,15676,3435.76,18,202,0.011278195488721804,21.0,3
2051,16212,690.34,19,41,0.007547169811320755,3.0,3
2054,13884,787.6,7,59,0.018050541516245487,3.0,3
2063,14292,4871.93,7,100,0.03260869565217391,20.0,3
2066,16678,3109.99,2,163,0.042704626334519574,27.0,3
2071,16128,1880.22,17,89,0.018796992481203006,0.0,3
2079,15031,668.14,4,111,0.014336917562724014,0.0,3
2084,17738,1879.05,19,97,0.015151515151515152,2.0,3
2085,17426,5037.26,8,271,0.02181818181818182,12.0,3
2092,17856,1418.03,1,15,0.014234875444839857,16.0,3
2093,15053,697.79,4,71,0.01079136690647482,0.0,3
2104,17700,2534.64,16,142,0.015037593984962405,5.0,3
2105,15393,231.86,16,12,0.007518796992481203,0.0,3
2106,13014,3466.2799999999997,10,109,0.03676470588235294,21.0,3
2116,14447,1163.23,18,70,0.019011406844106463,0.0,3
2126,12584,2254.15,3,95,0.03237410071942446,62.0,3
2130,14903,2810.63,21,355,0.01937984496124031,45.0,3
2134,15572,2552.86,4,215,0.025454545454545455,0.0,3
2162,16242,3603.21,8,294,0.025925925925925925,1.0,3
2166,17817,387.68,4,33,0.010948905109489052,0.0,3
2180,14730,2005.06,1,501,0.028985507246376812,0.0,3
2182,14367,9261.52,8,524,0.05947955390334572,28.0,3
2185,16712,3637.78,9,446,0.041044776119402986,0.0,3
2190,16426,1908.25,2,372,0.03636363636363636,0.0,3
2191,16495,684.41,3,97,0.010948905109489052,0.0,3
2192,14336,1614.91,16,90,0.01532567049808429,0.0,3
2195,17049,5659.9800000000005,2,318,0.032846715328467155,7.0,3
2196,15206,420.29999999999995,10,9,0.015037593984962405,0.0,3
2201,13026,975.36,1,40,0.01818181818181818,33.0,3
2203,17864,597.5,12,102,0.011363636363636364,0.0,3
2210,14291,3883.25,1,237,0.04,1.0,3
2212,15632,3285.31,15,167,0.03076923076923077,60.0,3
2213,14297,1305.33,17,62,0.015503875968992248,3.0,3
2214,13899,388.52,16,19,0.007722007722007722,0.0,3
2256,13956,1026.42,5,152,0.018726591760299626,0.0,3
2259,15671,2657.13,18,78,0.02766798418972332,18.0,3
2264,12901,17654.54,8,116,0.10646387832699619,1776.0,3
2268,16005,615.39,12,218,0.015444015444015444,0.0,3
2272,13499,1159.11,17,42,0.019762845849802372,7.0,3
2279,15106,1422.52,17,100,0.019762845849802372,37.0,3
2291,15150,5314.47,17,343,0.039525691699604744,25.0,3
2296,12994,974.4200000000001,4,61,0.011320754716981131,19.0,3
2300,15793,965.61,14,12,0.011764705882352941,1.0,3
2307,12597,3195.22,19,202,0.016,49.0,3
2312,12955,4757.16,1,180,0.04119850187265917,22.0,3
2319,13650,1836.34,16,96,0.023809523809523808,4.0,3
2321,13268,3192.65,17,439,0.0398406374501992,23.0,3
2323,12937,1504.27,15,120,0.015810276679841896,0.0,3
2329,18210,2621.38,1,134,0.02247191011235955,0.0,3
2331,14422,4263.64,0,222,0.022388059701492536,0.0,3
2338,17725,3439.08,16,192,0.04365079365079365,21.0,3
2339,15861,3165.36,12,546,0.03125,1.0,3
2342,14110,5683.15,3,155,0.045454545454545456,2.0,3
2344,16672,8134.9400000000005,2,114,0.07547169811320754,2.0,3
2357,16626,4413.1,0,179,0.06367041198501873,20.0,3
2365,17133,4892.240000000001,15,27,0.027777777777777776,0.0,3
2375,12948,2064.95,16,116,0.028112449799196786,3.0,3
2378,14071,1424.0,3,322,0.030534351145038167,95.0,3
2388,13985,7060.13,4,349,0.05747126436781609,8.0,3
2392,14408,2606.53,10,107,0.027450980392156862,0.0,3
2395,14205,466.7,16,24,0.008032128514056224,104.0,3
2425,15132,977.9300000000001,18,52,0.02040816326530612,0.0,3
2431,14711,2868.8,10,357,0.043478260869565216,12.0,3
2434,13196,1797.78,11,110,0.015873015873015872,0.0,3
2456,17096,1022.13,15,48,0.016194331983805668,7.0,3
2464,17411,778.94,12,41,0.012,8.0,3
2468,14607,15021.5,15,78,0.048582995951417005,3768.0,3
2474,14075,942.26,4,43,0.011627906976744186,0.0,3
2475,17250,384.52,3,57,0.007722007722007722,0.0,3
2477,14129,1123.8600000000001,1,52,0.019230769230769232,0.0,3
2480,17644,2895.64,1,157,0.04230769230769231,52.0,3
2483,16620,178.96,3,9,0.007751937984496124,0.0,3
2486,13736,731.9,5,191,0.0078125,4.0,3
2491,17754,1772.26,0,92,0.019157088122605363,49.0,3
2500,13139,5064.94,16,170,0.028688524590163935,7.0,3
2508,13743,1341.6,2,41,0.027131782945736434,1.0,3
2512,18273,204.0,2,3,0.01171875,0.0,3
2514,17625,2047.0,18,315,0.016666666666666666,0.0,3
2521,13266,3834.2599999999998,11,187,0.04878048780487805,129.0,3
2543,14441,1712.89,0,51,0.015625,16.0,3
2547,15906,1567.69,19,150,0.029535864978902954,6.0,3
2560,13588,2478.95,15,174,0.03734439834024896,32.0,3
2570,13988,4147.96,19,234,0.025423728813559324,19.0,3
2571,16657,933.62,9,208,0.016260162601626018,0.0,3
2595,14790,745.06,16,46,0.01680672268907563,0.0,3
2599,13571,2092.32,12,341,0.049586776859504134,0.0,3
2601,12619,2945.56,16,82,0.03361344537815126,23.0,3
2611,13883,2674.48,10,142,0.020491803278688523,67.0,3
2618,16609,5493.46,15,276,0.029411764705882353,10.0,3
2631,12569,3152.69,2,157,0.12749003984063745,6.0,3
2641,17758,3456.7000000000003,19,412,0.034482758620689655,0.0,3
2642,14023,584.07,7,31,0.00819672131147541,0.0,3
2657,14719,1602.13,1,237,0.020080321285140562,1.0,3
2669,14546,2578.09,5,399,0.020491803278688523,30.0,3
2676,15145,1194.73,4,67,0.0163265306122449,0.0,3
2678,13525,628.78,14,6,0.00851063829787234,0.0,3
2695,17042,1044.3799999999999,2,98,0.02032520325203252,0.0,3
2700,18272,3078.58,2,166,0.024489795918367346,6.0,3
2704,14912,867.85,16,27,0.008658008658008658,0.0,3
2707,13950,745.06,11,35,0.01694915254237288,2.0,3
2710,14446,1034.78,0,292,0.016194331983805668,0.0,3
2719,16261,746.83,17,124,0.017391304347826087,0.0,3
2720,17883,671.77,3,145,0.01639344262295082,0.0,3
2723,13995,1393.69,15,86,0.021645021645021644,12.0,3
2726,18040,357.20000000000005,19,19,0.00881057268722467,0.0,3
2753,13232,1357.0,12,206,0.03017241379310345,0.0,3
2761,15214,1661.44,1,110,0.03305785123966942,0.0,3
2764,15737,1205.1200000000001,14,72,0.034934497816593885,15.0,3
2765,18080,1231.5,18,2,0.008888888888888889,0.0,3
2774,15414,774.9000000000001,9,39,0.01282051282051282,0.0,3
2777,13203,869.46,9,57,0.017094017094017096,0.0,3
2784,15251,10484.99,9,111,0.04721030042918455,87.0,3
2785,14111,692.85,14,10,0.017543859649122806,1.0,3
2793,16729,7236.6,38,659,0.10294117647058823,12.0,3
2798,14931,964.6800000000001,4,40,0.016877637130801686,0.0,3
2802,15134,1387.99,14,73,0.03524229074889868,0.0,3
2805,14262,2618.23,8,143,0.034334763948497854,0.0,3
2810,16966,2154.97,8,28,0.030042918454935622,2.0,3
2813,14834,1720.3,17,67,0.026785714285714284,3.0,3
2826,16933,563.23,1,44,0.008368200836820083,7.0,3
2828,14198,701.4,18,39,0.018018018018018018,10.0,3
2833,14482,2068.15,18,144,0.02702702702702703,0.0,3
2872,15172,1624.05,8,110,0.021834061135371178,0.0,3
2874,15745,1094.59,19,62,0.01834862385321101,9.0,3
2886,16399,406.77,19,72,0.009216589861751152,0.0,3
2898,13647,1678.1200000000001,9,79,0.017699115044247787,1.0,3
2899,15594,1771.78,15,103,0.022727272727272728,1.0,3
2906,13719,1041.68,15,60,0.022727272727272728,0.0,3
2907,16633,2883.1,17,152,0.027522935779816515,1.0,3
2916,15436,1122.53,12,329,0.013452914798206279,0.0,3
2918,12656,3619.17,17,121,0.02304147465437788,15.0,3
2924,16103,1429.64,7,48,0.02643171806167401,0.0,3
2926,14868,2953.59,3,144,0.03463203463203463,6.0,3
2930,17115,837.5,8,39,0.01327433628318584,4.0,3
2934,12670,2744.05,10,87,0.02242152466367713,6.0,3
2936,14759,1625.97,4,102,0.013100436681222707,0.0,3
2937,16185,529.41,16,31,0.009216589861751152,0.0,3
2940,13389,797.96,11,51,0.013513513513513514,0.0,3
2942,17631,528.33,1,39,0.01293103448275862,0.0,3
2969,16942,1920.59,12,281,0.041666666666666664,4.0,3
2972,15237,1412.32,1,99,0.01762114537444934,0.0,3
2980,17436,216.29999999999998,1,9,0.008849557522123894,0.0,3
3012,14655,1932.23,8,49,0.018604651162790697,1.0,3
3021,14191,4684.76,1,259,0.05909090909090909,5.0,3
3022,13282,1132.14,18,37,0.014778325123152709,18.0,3
3038,16094,1078.23,11,63,0.019138755980861243,14.0,3
3039,14173,450.84,10,29,0.01904761904761905,0.0,3
3045,17384,336.4,19,15,0.009950248756218905,0.0,3
3052,14515,2102.09,17,101,0.0297029702970297,0.0,3
3062,17522,1066.15,1,72,0.022935779816513763,0.0,3
3067,17624,843.48,14,50,0.00975609756097561,0.0,3
3073,18241,2073.09,9,104,0.08133971291866028,4.0,3
3094,14005,2874.72,9,84,0.024154589371980676,0.0,3
3095,15561,800.59,11,27,0.01951219512195122,11.0,3
3099,15117,1551.78,14,79,0.024752475247524754,1.0,3
3104,17410,1214.72,16,64,0.025,0.0,3
3106,13427,582.6,19,29,0.015228426395939087,0.0,3
3108,12700,4525.99,7,264,0.019138755980861243,0.0,3
3113,16440,3640.67,7,282,0.02403846153846154,0.0,3
3136,14397,2612.96,2,87,0.08962264150943396,38.0,3
3138,12684,2073.63,7,98,0.028985507246376812,0.0,3
3142,14591,1447.14,15,197,0.020100502512562814,0.0,3
3165,12749,4090.88,3,199,0.023696682464454975,49.0,3
3172,13404,252.49,1,11,0.009433962264150943,0.0,3
3177,14277,4180.2,15,224,0.015151515151515152,360.0,3
3178,15187,4762.18,1,90,0.07075471698113207,18.0,3
3183,17664,604.64,18,43,0.010256410256410256,0.0,3
3184,14649,1417.29,4,199,0.019138755980861243,0.0,3
3191,14883,761.59,18,53,0.030927835051546393,1.0,3
3212,12757,4199.2,15,365,0.04568527918781726,12.0,3
3217,15907,966.6,3,248,0.014423076923076924,0.0,3
3218,12695,582.1,7,27,0.0196078431372549,0.0,3
3229,16076,2234.73,3,129,0.04854368932038835,72.0,3
3231,16283,1569.11,5,165,0.024509803921568627,14.0,3
3233,16877,853.72,12,159,0.030456852791878174,0.0,3
3235,16642,688.33,4,34,0.00980392156862745,1.0,3
3242,13456,1766.72,17,63,0.031413612565445025,9.0,3
3248,16139,635.41,18,31,0.015873015873015872,0.0,3
3252,15123,2199.31,7,106,0.01,0.0,3
3265,14583,1052.55,5,330,0.024875621890547265,0.0,3
3266,16818,3349.57,10,188,0.05612244897959184,2.0,3
3269,13258,698.58,11,38,0.015384615384615385,0.0,3
3272,16987,1625.05,3,129,0.034482758620689655,0.0,3
3275,13417,640.83,4,28,0.009900990099009901,0.0,3
3277,15116,1352.75,17,45,0.02127659574468085,0.0,3
3278,17469,1870.97,16,88,0.026455026455026454,9.0,3
3288,12620,1303.41,14,91,0.015706806282722512,0.0,3
3291,16813,1692.98,8,449,0.050761421319796954,0.0,3
3293,14859,1353.74,12,58,0.02072538860103627,2.0,3
3297,13658,2639.17,9,108,0.025510204081632654,10.0,3
3300,14551,186.23,18,10,0.0106951871657754,0.0,3
3316,16038,471.78000000000003,7,26,0.015384615384615385,3.0,3
3319,13657,382.14,10,16,0.010416666666666666,0.0,3
3332,13546,626.99,12,98,0.015873015873015872,0.0,3
3337,15434,1041.48,8,55,0.025906735751295335,9.0,3
3355,15804,4206.39,0,262,0.06532663316582915,52.0,3
3357,14287,176.63,8,9,0.015706806282722512,24.0,3
3360,12562,3385.7400000000002,8,161,0.03664921465968586,0.0,3
3380,16369,1551.58,18,116,0.01675977653631285,0.0,3
3383,17345,537.74,15,87,0.02197802197802198,0.0,3
3403,12787,418.66,9,17,0.016304347826086956,0.0,3
3411,15163,304.47,18,29,0.011428571428571429,0.0,3
3419,14597,883.15,11,55,0.011049723756906077,0.0,3
3443,13437,3408.06,14,167,0.03954802259887006,0.0,3
3458,13435,3809.8900000000003,5,101,0.03783783783783784,4.0,3
3462,16682,1028.0,4,30,0.02717391304347826,0.0,3
3463,15453,1388.37,1,286,0.0374331550802139,0.0,3
3466,15152,4745.69,9,271,0.07262569832402235,10.0,3
3472,15073,1043.41,9,54,0.016853932584269662,214.0,3
3485,15969,666.1,2,20,0.016304347826086956,4.0,3
3499,15743,784.46,16,88,0.023668639053254437,0.0,3
3506,16358,2027.5,1,109,0.021739130434782608,1.0,3
3523,13115,2294.78,11,120,0.022988505747126436,33.0,3
3525,17360,585.79,17,132,0.017857142857142856,0.0,3
3527,13510,1791.56,1,115,0.02185792349726776,4.0,3
3529,16892,525.54,1,99,0.0273224043715847,4.0,3
3532,14132,3586.0299999999997,2,200,0.06043956043956044,2.0,3
3533,14963,1487.8,9,198,0.02857142857142857,0.0,3
3541,16107,3204.1600000000003,17,31,0.041916167664670656,0.0,3
3552,14178,1600.93,8,325,0.04,0.0,3
3561,14984,213.27,19,41,0.012345679012345678,0.0,3
3568,14704,1544.57,11,414,0.052941176470588235,0.0,3
3569,16794,1220.69,1,284,0.05555555555555555,4.0,3
3583,13589,379.65,14,21,0.012048192771084338,0.0,3
3584,17579,448.90000000000003,4,50,0.017045454545454544,2.0,3
3592,14503,3543.26,3,164,0.03409090909090909,0.0,3
3596,17101,1621.73,10,42,0.023668639053254437,0.0,3
3603,17155,251.70000000000002,17,20,0.012422360248447204,0.0,3
3618,17651,3945.0,11,232,0.059880239520958084,12.0,3
3622,17490,2092.32,0,76,0.03954802259887006,112.0,3
3634,17157,319.0,7,13,0.011764705882352941,3.0,3
3635,16852,144.91000000000003,10,9,0.011976047904191617,0.0,3
3651,17562,1122.38,14,63,0.04375,4.0,3
3656,16744,1304.76,11,242,0.04294478527607362,0.0,3
3658,17299,669.11,11,57,0.024539877300613498,0.0,3
3665,15747,974.04,12,93,0.018633540372670808,0.0,3
3669,12904,509.58,18,72,0.012903225806451613,0.0,3
3695,14960,221.27,8,27,0.012195121951219513,0.0,3
3705,12798,6977.04,10,8,0.018633540372670808,0.0,3
3710,13780,360.01,7,57,0.012195121951219513,0.0,3
3717,12919,1335.19,8,50,0.037037037037037035,5.0,3
3719,12704,1740.84,7,81,0.049079754601226995,0.0,3
3722,15253,918.1999999999999,16,53,0.032467532467532464,2.0,3
3724,17759,833.74,17,94,0.0196078431372549,0.0,3
3725,12465,682.1899999999999,17,45,0.013071895424836602,4.0,3
3732,12615,2093.19,2,101,0.023952095808383235,0.0,3
3734,15850,238.85,19,97,0.013333333333333334,0.0,3
3736,15186,411.41,14,19,0.012903225806451613,0.0,3
3742,17768,2273.1800000000003,8,105,0.018867924528301886,0.0,3
3743,18112,352.69,12,26,0.012903225806451613,0.0,3
3750,17386,2686.42,7,28,0.03773584905660377,0.0,3
3768,16824,460.64,15,26,0.013333333333333334,0.0,3
3769,17750,1781.28,5,191,0.05625,0.0,3
3771,16200,1080.6200000000001,4,179,0.012422360248447204,0.0,3
3834,16616,500.42,15,33,0.013986013986013986,0.0,3
3857,16929,1295.39,3,77,0.0457516339869281,0.0,3
3863,13681,827.83,17,57,0.02877697841726619,0.0,3
3867,14493,2383.2400000000002,7,120,0.03355704697986577,6.0,3
3872,17031,380.35,11,22,0.013888888888888888,0.0,3
3876,15901,361.9,16,114,0.02158273381294964,0.0,3
3899,15467,524.88,9,52,0.020833333333333332,4.0,3
3911,16989,1133.25,7,12,0.041666666666666664,0.0,3
3912,12358,928.0600000000001,1,17,0.013333333333333334,0.0,3
3913,13207,250.26000000000002,15,8,0.014705882352941176,0.0,3
3914,18122,1824.99,8,362,0.04195804195804196,0.0,3
3921,17405,1031.41,1,82,0.02,21.0,3
3923,13311,598.57,4,26,0.013605442176870748,0.0,3
3948,13994,2313.14,3,155,0.0410958904109589,0.0,3
3949,17554,1952.45,1,88,0.033783783783783786,0.0,3
3953,17266,310.64,2,80,0.02054794520547945,0.0,3
3959,13507,2479.16,3,162,0.027972027972027972,0.0,3
3964,16474,1871.3400000000001,7,359,0.050359712230215826,25.0,3
3977,16762,1501.38,19,89,0.023809523809523808,0.0,3
3980,13940,839.14,17,49,0.03125,0.0,3
3984,13167,779.33,18,64,0.031746031746031744,0.0,3
3986,13991,854.97,12,83,0.045454545454545456,2.0,3
3987,18101,223.65,11,41,0.015037593984962405,0.0,3
3990,12560,1918.01,5,103,0.014388489208633094,32.0,3
3992,16764,2799.25,3,706,0.09219858156028368,12.0,3
3993,18180,1843.75,4,119,0.04316546762589928,0.0,3
3997,14456,3059.44,5,968,0.06521739130434782,6.0,3
3998,16464,1314.68,19,236,0.024193548387096774,0.0,3
4000,16149,280.52,4,18,0.014388489208633094,0.0,3
4023,12438,2466.85,14,96,0.015748031496062992,0.0,3
4026,12627,4082.53,10,224,0.04580152671755725,0.0,3
4029,13079,220.10000000000002,4,6,0.0364963503649635,0.0,3
4049,16364,707.04,11,53,0.015748031496062992,0.0,3
4075,15105,2298.93,18,101,0.05982905982905983,0.0,3
4079,18237,987.1,2,61,0.03759398496240601,0.0,3
4092,13277,258.4,15,8,0.03361344537815126,0.0,3
4093,18127,348.73,19,47,0.02608695652173913,0.0,3
4096,14511,1314.81,11,68,0.04065040650406504,12.0,3
4097,12716,963.49,3,67,0.015267175572519083,0.0,3
4101,13928,464.57,10,27,0.03225806451612903,0.0,3
4107,17173,3766.6,5,86,0.06299212598425197,1.0,3
4116,12828,1018.71,2,56,0.046511627906976744,0.0,3
4137,15089,2420.84,10,145,0.05042016806722689,0.0,3
4145,14768,192.60000000000002,17,5,0.018018018018018018,18.0,3
4146,17584,1242.3,7,35,0.01652892561983471,12.0,3
4156,14720,663.81,5,37,0.02459016393442623,0.0,3
4157,18282,178.05,7,12,0.016666666666666666,5.0,3
4160,13200,870.09,19,46,0.037037037037037035,0.0,3
4166,16066,1521.87,16,102,0.045871559633027525,0.0,3
4185,14116,1382.74,19,72,0.04854368932038835,0.0,3
4204,12381,1474.81,4,82,0.02586206896551724,25.0,3
4213,14658,247.15,5,29,0.017699115044247787,0.0,3
4224,13159,1437.85,8,121,0.037037037037037035,14.0,3
4226,13189,260.68,18,29,0.02040816326530612,0.0,3
4242,12962,266.39,7,16,0.018691588785046728,0.0,3
4244,17736,377.44,9,25,0.02857142857142857,1.0,3
4246,12680,790.81,0,49,0.03508771929824561,0.0,3
4257,12364,1208.1,7,81,0.03773584905660377,0.0,3
4259,16330,251.91,17,39,0.03125,2.0,3
4261,15701,1542.14,2,237,0.03669724770642202,0.0,3
4262,12518,1840.89,0,119,0.04504504504504504,0.0,3
4268,16201,1863.47,3,111,0.037383177570093455,19.0,3
4274,17073,1444.84,17,173,0.043010752688172046,0.0,3
4280,14418,1937.25,3,124,0.02830188679245283,0.0,3
4285,16968,439.43,4,31,0.019230769230769232,0.0,3
4306,13644,2624.26,16,146,0.044444444444444446,7.0,3
4307,17451,1721.4,1,100,0.06666666666666667,25.0,3
4311,14141,915.13,2,40,0.038461538461538464,18.0,3
4314,17183,3347.31,7,73,0.06060606060606061,32.0,3
4317,14869,725.7,8,71,0.020833333333333332,1.0,3
4324,14096,53258.43,4,5095,0.17346938775510204,0.0,3
4342,15690,239.76,4,19,0.020618556701030927,0.0,3
4351,13147,712.8000000000001,10,4,0.044444444444444446,0.0,3
4366,12375,377.5,10,15,0.02247191011235955,1.0,3
4369,16173,1418.32,15,84,0.07142857142857142,4.0,3
4376,13808,1747.66,5,76,0.05434782608695652,0.0,3
4379,14335,468.26,16,63,0.024691358024691357,0.0,3
4381,15136,1286.7,2,68,0.042105263157894736,1.0,3
4389,13949,2427.32,2,160,0.06451612903225806,0.0,3
4395,12526,1172.66,0,68,0.031578947368421054,0.0,3
4399,17481,1255.59,3,82,0.04395604395604396,1.0,3
4402,14452,264.44,10,62,0.023809523809523808,0.0,3
4420,13823,957.66,18,40,0.02702702702702703,0.0,3
4425,14824,1127.71,10,29,0.04878048780487805,0.0,3
4426,16910,1510.06,4,547,0.09090909090909091,0.0,3
4438,14250,1904.05,7,111,0.03614457831325301,0.0,3
4440,14432,2255.51,9,382,0.07407407407407407,0.0,3
4441,15782,2614.7400000000002,9,43,0.037037037037037035,1.0,3
4444,15533,807.57,19,83,0.04225352112676056,33.0,3
4446,18158,453.4,9,34,0.025,1.0,3
4453,16360,3512.53,4,662,0.07058823529411765,16.0,3
4455,13704,2308.06,5,134,0.10714285714285714,3.0,3
4456,14020,642.8,16,39,0.0273972602739726,0.0,3
4458,14359,912.18,19,55,0.043478260869565216,8.0,3
4476,13860,1245.9,1,76,0.05813953488372093,2.0,3
4479,18001,417.23,12,58,0.02666666666666667,0.0,3
4480,17728,2876.01,3,165,0.03571428571428571,4.0,3
4486,13430,679.45,18,49,0.028985507246376812,12.0,3
4503,17434,2373.82,2,134,0.08333333333333333,8.0,3
4505,15511,909.23,11,160,0.06666666666666667,0.0,3
4506,16189,215.48,15,11,0.028169014084507043,0.0,3
4515,17144,984.57,1,48,0.023809523809523808,0.0,3
4518,13323,787.85,3,21,0.06097560975609756,0.0,3
4526,13247,501.12,17,25,0.06060606060606061,0.0,3
4530,16438,798.35,5,132,0.0641025641025641,0.0,3
4540,15500,1131.56,8,68,0.05405405405405406,0.0,3
4541,17557,541.46,14,34,0.04411764705882353,0.0,3
4560,13350,979.12,16,40,0.03125,3.0,3
4574,15399,815.77,1,50,0.0379746835443038,0.0,3
4575,17466,763.28,10,41,0.028985507246376812,0.0,3
4576,16379,2157.4,4,108,0.05333333333333334,2.0,3
4578,15239,780.59,10,49,0.028985507246376812,3.0,3
4582,12657,1427.18,11,44,0.058823529411764705,386.0,3
4583,15571,650.4300000000001,11,57,0.058823529411764705,0.0,3
4584,15484,3594.31,1,188,0.05128205128205128,16.0,3
4585,12936,1063.9,17,62,0.06451612903225806,20.0,3
4589,15398,1345.53,16,73,0.031746031746031744,2.0,3
4590,12906,2919.81,11,63,0.07352941176470588,0.0,3
4592,14125,2740.43,10,167,0.043478260869565216,0.0,3
4595,12952,1387.79,5,79,0.05405405405405406,1.0,3
4607,15714,330.88,11,35,0.029850746268656716,0.0,3
4624,12488,1244.66,9,54,0.04477611940298507,0.0,3
4625,13083,303.75,4,18,0.027777777777777776,0.0,3
4626,16169,1822.97,8,85,0.058823529411764705,0.0,3
4629,17006,781.78,4,44,0.05555555555555555,0.0,3
4631,17131,2463.17,5,134,0.07042253521126761,0.0,3
4632,13536,3448.29,1,179,0.09333333333333334,0.0,3
4642,12783,1295.87,2,78,0.05405405405405406,0.0,3
4643,13429,1006.8,10,67,0.06060606060606061,0.0,3
4647,12925,694.05,4,45,0.028169014084507043,0.0,3
4656,15344,563.94,0,26,0.04,10.0,3
4661,13314,775.94,1,62,0.0410958904109589,76.0,3
4668,15568,758.29,2,53,0.041666666666666664,0.0,3
4673,16119,423.36,8,16,0.03076923076923077,0.0,3
4675,16157,656.69,15,18,0.05172413793103448,3.0,3
4680,13924,1838.8500000000001,1,117,0.08333333333333333,43.0,3
4694,17528,3628.5,1,253,0.11267605633802817,8.0,3
4695,16361,896.66,9,106,0.06349206349206349,0.0,3
4700,16653,1212.66,16,69,0.03571428571428571,10.0,3
4704,17813,1770.8799999999999,14,371,0.08620689655172414,13.0,3
4706,15949,364.72,16,19,0.03571428571428571,0.0,3
4715,13954,439.92,1,25,0.02857142857142857,9.0,3
4728,13558,605.06,5,175,0.0625,0.0,3
4730,16533,1095.56,19,177,0.06,98.0,3
4738,17321,700.86,8,107,0.03333333333333333,0.0,3
4745,13297,2089.85,7,59,0.06557377049180328,0.0,3
4752,17014,586.33,8,74,0.05084745762711865,5.0,3
4767,17666,728.16,3,18,0.031746031746031744,0.0,3
4772,16020,851.01,16,46,0.06,0.0,3
4778,12719,572.95,5,37,0.03278688524590164,13.0,3
4781,12723,707.07,3,68,0.07936507936507936,0.0,3
4786,12628,732.46,4,38,0.04918032786885246,3.0,3
4789,16295,1328.55,9,79,0.07142857142857142,0.0,3
4802,13882,1191.13,2,65,0.07936507936507936,3.0,3
4808,17453,486.71999999999997,17,19,0.041666666666666664,0.0,3
4819,14138,982.3800000000001,1,47,0.031746031746031744,0.0,3
4820,15297,641.94,10,39,0.05555555555555555,2.0,3
4823,17086,2050.08,7,96,0.10526315789473684,0.0,3
4826,18096,911.15,11,213,0.05660377358490566,0.0,3
4828,12856,2179.93,7,314,0.10526315789473684,3.0,3
4831,16900,882.16,16,78,0.0625,108.0,3
4835,13755,2161.35,3,342,0.14754098360655737,23.0,3
4848,13212,788.08,19,142,0.06976744186046512,1.0,3
4856,15473,1771.2,14,11,0.14893617021276595,120.0,3
4858,17425,759.17,19,43,0.047619047619047616,0.0,3
4861,16688,1260.86,1,62,0.06666666666666667,0.0,3
4865,13685,3119.44,2,39,0.11864406779661017,0.0,3
4883,16561,511.12,5,31,0.03636363636363636,0.0,3
4884,14121,2780.15,3,159,0.07017543859649122,4.0,3
4886,17119,606.91,3,35,0.03508771929824561,7.0,3
4890,14710,606.13,14,139,0.08695652173913043,0.0,3
4905,17737,168.24,9,10,0.04,0.0,3
4915,14251,2879.7000000000003,1,78,0.08771929824561403,0.0,3
4927,18130,1059.39,15,70,0.06976744186046512,7.0,3
4943,14910,434.35,2,30,0.07547169811320754,17.0,3
4948,14547,4007.54,3,366,0.15384615384615385,10.0,3
4950,15113,3608.94,9,99,0.06521739130434782,24.0,3
4985,14554,2381.04,10,216,0.09302325581395349,0.0,3
4996,12572,912.42,8,58,0.045454545454545456,2.0,3
4998,16851,342.45,4,20,0.0625,0.0,3
5006,14698,1250.76,1,210,0.09803921568627451,0.0,3
5016,17350,1286.07,8,71,0.09090909090909091,36.0,3
5022,15814,1945.33,16,72,0.11428571428571428,24.0,3
5040,16313,274.15000000000003,3,16,0.0425531914893617,0.0,3
5048,12646,1346.97,4,45,0.043478260869565216,0.0,3
5049,16015,705.1,3,181,0.06382978723404255,3.0,3
5050,16311,616.26,17,37,0.06060606060606061,0.0,3
5056,13471,2531.58,1,260,0.0851063829787234,0.0,3
5058,18005,249.72,3,60,0.044444444444444446,0.0,3
5060,15022,905.04,11,135,0.10810810810810811,0.0,3
5063,14629,959.01,4,152,0.045454545454545456,4.0,3
5085,15963,470.76,19,28,0.07407407407407407,0.0,3
5092,13978,196.79000000000002,14,15,0.0625,0.0,3
5098,14539,537.48,15,32,0.06666666666666667,0.0,3
5099,14550,765.62,10,48,0.05714285714285714,0.0,3
5101,14102,1360.28,5,79,0.125,23.0,3
5108,12827,430.15000000000003,5,25,0.075,0.0,3
5110,15993,2788.87,8,551,0.1891891891891892,9.0,3
5112,15948,955.24,8,60,0.05555555555555555,0.0,3
5114,18154,399.19,3,21,0.04878048780487805,0.0,3
5115,12630,1030.88,9,62,0.05714285714285714,0.0,3
5116,13363,992.5,17,60,0.07407407407407407,0.0,3
5126,16513,874.59,4,35,0.1,0.0,3
5135,16164,822.48,17,34,0.11538461538461539,1.0,3
5144,18030,230.64999999999998,4,9,0.05128205128205128,1.0,3
5153,12912,1662.3,2,24,0.1282051282051282,0.0,3
5157,16079,1352.0,16,21,0.12,0.0,3
5158,17590,1477.97,2,200,0.07692307692307693,0.0,3
5159,15054,302.1,12,114,0.06896551724137931,0.0,3
5162,16506,90.30000000000001,19,3,0.09090909090909091,0.0,3
5164,13822,632.0,5,96,0.05555555555555555,0.0,3
5167,15444,1418.26,9,219,0.0625,0.0,3
5180,22221,14855.529999999999,39,1113,1.0,0.0,3
5184,15977,1054.73,17,65,0.08695652173913043,0.0,3
5187,17503,558.96,2,38,0.05405405405405406,0.0,3
5189,17495,497.56,7,27,0.0625,0.0,3
5192,13868,3192.54,7,33,0.0625,0.0,3
5194,17668,347.75,1,15,0.05263157894736842,0.0,3
5197,16352,494.44,17,28,0.09523809523809523,0.0,3
5200,14216,1839.3,3,59,0.11428571428571428,0.0,3
5202,16790,1545.6200000000001,3,93,0.17142857142857143,6.0,3
5208,13318,640.76,1,20,0.08108108108108109,0.0,3
5211,22268,3267.25,37,403,1.0,0.0,3
5212,22269,3136.72,37,415,1.0,0.0,3
5213,17595,388.79,12,83,0.07692307692307693,0.0,3
5215,17432,365.76,18,48,0.1,0.0,3
5219,16347,887.65,11,92,0.07692307692307693,0.0,3
5222,16322,326.75,1,37,0.05555555555555555,0.0,3
5226,22281,2593.37,36,415,1.0,0.0,3
5228,13914,626.45,11,33,0.07692307692307693,1.0,3
5230,13467,1083.71,10,99,0.07407407407407407,0.0,3
5231,17221,335.13,7,63,0.06666666666666667,0.0,3
5248,22292,2647.85,35,346,1.0,0.0,3
5252,12882,1463.04,9,13,0.08,0.0,3
5253,17387,784.11,19,78,0.13333333333333333,0.0,3
5257,15156,961.49,1,55,0.09090909090909091,0.0,3
5263,13040,676.99,8,43,0.07692307692307693,0.0,3
5264,15883,396.48,2,49,0.0625,0.0,3
5265,14664,637.89,19,99,0.13333333333333333,0.0,3
5276,13673,396.92,18,65,0.13333333333333333,0.0,3
5282,22312,52940.94,32,101,1.0,0.0,3
5284,22313,2944.93,31,420,1.0,0.0,3
5287,14140,935.05,3,66,0.06896551724137931,2.0,3
5302,22323,3935.1,31,517,1.0,0.0,3
5303,22324,3111.37,31,410,1.0,0.0,3
5304,16759,789.79,7,42,0.125,1.0,3
5307,14836,102.44999999999999,10,6,0.14285714285714285,0.0,3
5312,12504,428.04999999999995,18,8,0.15384615384615385,39.0,3
5317,14354,163.62,5,9,0.07692307692307693,0.0,3
5320,22327,4104.8,30,514,1.0,0.0,3
5323,15531,2007.44,8,228,0.08695652173913043,0.0,3
5324,17500,1138.0,17,5,0.23076923076923078,0.0,3
5339,17502,689.1,9,28,0.19047619047619047,0.0,3
5344,22351,3843.4,28,481,1.0,0.0,3
5349,12985,1239.38,0,76,0.06896551724137931,120.0,3
5351,22355,4116.75,28,502,1.0,0.0,3
5355,16368,497.43,2,76,0.07407407407407407,0.0,3
5363,22365,4071.98,28,525,1.0,0.0,3
5370,15654,922.53,9,21,0.1111111111111111,0.0,3
5372,14788,679.4399999999999,7,30,0.1,0.0,3
5376,14904,1025.44,2,69,0.08333333333333333,0.0,3
5386,17566,901.21,8,152,0.1111111111111111,0.0,3
5388,12762,1702.52,7,67,0.10526315789473684,0.0,3
5393,22381,4143.19,25,517,1.0,0.0,3
5395,15009,1261.78,12,182,0.21428571428571427,0.0,3
5396,22383,50653.91,25,99,1.0,0.0,3
5407,12950,1843.0,2,23,0.13043478260869565,0.0,3
5413,22412,4449.72,24,592,1.0,0.0,3
5414,22413,4287.73,24,551,1.0,0.0,3
5419,14385,202.11,9,14,0.2,0.0,3
5427,22436,5370.14,23,584,1.0,0.0,3
5428,22438,4674.63,23,542,1.0,0.0,3
5429,17835,350.64,2,61,0.13636363636363635,0.0,3
5433,17237,314.69,11,19,0.16666666666666666,0.0,3
5439,22441,4522.75,22,571,1.0,0.0,3
5448,15621,1293.03,4,16,0.2222222222222222,38.0,3
5458,22476,5378.45,21,560,1.0,0.0,3
5468,17523,652.74,11,33,0.4444444444444444,0.0,3
5489,15274,716.57,4,47,0.13333333333333333,0.0,3
5492,22483,3921.06,18,525,1.0,0.0,3
5502,15877,493.28,1,129,0.11764705882352941,125.0,3
5510,22511,3925.73,17,493,1.0,0.0,3
5512,22513,3409.7999999999997,17,485,1.0,0.0,3
5515,16376,987.01,8,125,0.2,5.0,3
5516,16811,547.07,4,28,0.14285714285714285,0.0,3
5522,17290,525.24,3,102,0.14285714285714285,0.0,3
5525,22527,5422.26,15,621,1.0,0.0,3
5526,22528,4882.25,15,605,1.0,0.0,3
5531,14785,77.4,10,3,0.3333333333333333,0.0,3
5532,17254,272.44,4,112,0.16666666666666666,0.0,3
5548,17232,421.52,2,36,0.15384615384615385,0.0,3
5549,17468,137.0,10,5,0.4,0.0,3
5553,22558,4443.63,14,519,1.0,0.0,3
5557,22566,4142.94,14,526,1.0,0.0,3
5560,13596,697.04,5,166,0.25,0.0,3
5578,22571,4698.98,11,540,1.0,0.0,3
5597,13521,1092.39,1,435,0.3,0.0,3
5599,22584,5072.32,10,577,1.0,0.0,3
5600,22585,4168.8,10,502,1.0,0.0,3
5613,22611,5880.64,9,686,1.0,0.0,3
5619,22619,6179.65,8,643,1.0,0.0,3
5631,22629,5933.15,7,649,1.0,0.0,3
5657,22663,7848.73,4,720,1.0,0.0,3
5658,22664,6024.97,4,661,1.0,0.0,3
5671,22671,5377.65,3,628,1.0,0.0,3
5681,22695,6083.95,1,675,1.0,0.0,3
5682,22696,7150.07,1,748,1.0,0.0,3
5691,22706,5699.0,1,634,1.0,0.0,3
5692,22707,6756.0599999999995,0,730,1.0,0.0,3
